{
  "project_info": {
    "project_number": "923279483711",
    "firebase_url": "https://icas-phase-1.firebaseio.com",
    "project_id": "icas-phase-1",
    "storage_bucket": "icas-phase-1.appspot.com"
  },
  "client": [
    {
      "client_info": {
        "mobilesdk_app_id": "1:923279483711:android:f262859d23611db3",
        "android_client_info": {
          "package_name": "com.example.firebasestorageexample"
        }
      },
      "oauth_client": [
        {
          "client_id": "923279483711-tbh3bcd0k0hkopj8t20npvfkgesj2oer.apps.googleusercontent.com",
          "client_type": 3
        }
      ],
      "api_key": [
        {
          "current_key": "AIzaSyCWSQ0pnD9_sZHz0BzchqJk5ZJRqaMMFI0"
        }
      ],
      "services": {
        "appinvite_service": {
          "other_platform_oauth_client": [
            {
              "client_id": "923279483711-tbh3bcd0k0hkopj8t20npvfkgesj2oer.apps.googleusercontent.com",
              "client_type": 3
            }
          ]
        }
      }
    },
    {
      "client_info": {
        "mobilesdk_app_id": "1:923279483711:android:1661eeb2716bd5a4",
        "android_client_info": {
          "package_name": "com.example.icasapp"
        }
      },
      "oauth_client": [
        {
          "client_id": "923279483711-hm1mshk60gvq7m9pq7kj73ofb11bjv7r.apps.googleusercontent.com",
          "client_type": 1,
          "android_info": {
            "package_name": "com.example.icasapp",
            "certificate_hash": "4351472d310b87e8d7fe5143ee8ea94ee31560bd"
          }
        },
        {
          "client_id": "923279483711-4cqjfipqgcj6n05agv56jvil3ud5e24r.apps.googleusercontent.com",
          "client_type": 1,
          "android_info": {
            "package_name": "com.example.icasapp",
            "certificate_hash": "d9a67fdd763c6210755b45c4397511dea01e4d21"
          }
        },
        {
          "client_id": "923279483711-03e41vd2tqv99ghcsd0vpiu2ll1l4ad9.apps.googleusercontent.com",
          "client_type": 1,
          "android_info": {
            "package_name": "com.example.icasapp",
            "certificate_hash": "ccfc156a5d7f248e76b54103d9d422aefa2e192d"
          }
        },
        {
          "client_id": "923279483711-f5s4r8b9f6ske1kb3cjsovd8tdklkdl8.apps.googleusercontent.com",
          "client_type": 1,
          "android_info": {
            "package_name": "com.example.icasapp",
            "certificate_hash": "92e962c35657968c3576485112fe2ca2401c204d"
          }
        },
        {
          "client_id": "923279483711-7s4b8vne3kjjtn2i5o55ttmq7eg4sg03.apps.googleusercontent.com",
          "client_type": 1,
          "android_info": {
            "package_name": "com.example.icasapp",
            "certificate_hash": "3fe6cc50b3366bbaf6559bd7aa2be9c0174ae59f"
          }
        },
        {
          "client_id": "923279483711-o8srgh4447ctati7728b629aatd8co8t.apps.googleusercontent.com",
          "client_type": 1,
          "android_info": {
            "package_name": "com.example.icasapp",
            "certificate_hash": "34dcc50e476872f77d8f2e87f987f9579a68ca07"
          }
        },
        {
          "client_id": "923279483711-tbh3bcd0k0hkopj8t20npvfkgesj2oer.apps.googleusercontent.com",
          "client_type": 3
        }
      ],
      "api_key": [
        {
          "current_key": "AIzaSyCWSQ0pnD9_sZHz0BzchqJk5ZJRqaMMFI0"
        }
      ],
      "services": {
        "appinvite_service": {
          "other_platform_oauth_client": [
            {
              "client_id": "923279483711-tbh3bcd0k0hkopj8t20npvfkgesj2oer.apps.googleusercontent.com",
              "client_type": 3
            }
          ]
        }
      }
    }
  ],
  "configuration_version": "1"
}